nome_municipio,ano,total_empenhado,total_liquidado,total_pago,saldo_a_pagar
AGUA BRANCA,2023,57859957.44,56112984.91,53828655.67,4031301.77
AGUA BRANCA,2024,69838138.4,68887045.9,66474798.22,3363340.18
AGUA BRANCA,2025,76026027.6,75708018.48,71331548.33,4694479.27
AGUIAR,2023,29832956.32,29774567.73,29662807.71,170148.61
AGUIAR,2024,49447163.14,49384324.95,49158962.76,288200.38
AGUIAR,2025,53123921.39,50071554.09,50019948.84,3103972.55
ALAGOA GRANDE,2023,93522677.43,92539710.44,91211473.9,2311203.53
ALAGOA GRANDE,2024,137152270.28,137149400.28,137094028.11,58242.17
ALAGOA GRANDE,2025,127986056.51,127856748.86,125832428.61,2153627.9
ALAGOA NOVA,2023,106488632.18,106462950.4,104702298.65,1786333.53
ALAGOA NOVA,2024,122821669.87,122799360.79,122282728.9,538940.97
ALAGOA NOVA,2025,137843744.41,137796107.24,137526270.38,317474.03
ALAGOINHA,2023,66448379.68,66380766.96,61472932.68,4975447.0
ALAGOINHA,2024,85182740.34,85164560.24,83204169.03,1978571.31
ALAGOINHA,2025,85313622.59,85239431.39,82314017.19,2999605.4
ALCANTIL,2023,36112331.91,36108331.91,32619400.18,3492931.73
ALCANTIL,2024,55862754.22,55819278.46,54998267.75,864486.47
ALCANTIL,2025,54793881.29,54362429.27,52780971.38,2012909.91
ALGODÃO DE JANDAÍRA,2023,25626883.58,25626883.58,25541711.59,85171.99
ALGODÃO DE JANDAÍRA,2024,31730361.95,31197860.95,30964568.87,765793.08
ALGODÃO DE JANDAÍRA,2025,34215849.53,34188133.2,34185127.08,30722.45
ALHANDRA,2023,180690780.49,177775560.91,172660222.51,8030557.98
ALHANDRA,2024,200949165.0,199933412.92,198040444.4,2908720.6
ALHANDRA,2025,225042590.73,221819234.21,219121849.07,5920741.66
AMPARO,2023,23207569.88,22778655.61,22705020.46,502549.42
AMPARO,2024,29400461.21,27915058.26,27475570.88,1924890.33
AMPARO,2025,31407588.2,28995939.46,28910543.21,2497044.99
APARECIDA,2023,34828185.92,34827866.71,34264573.2,563612.72
APARECIDA,2024,46868604.95,46470054.06,45790933.06,1077671.89
APARECIDA,2025,55570719.33,53889453.58,52575329.34,2995389.99
ARAÇAGI,2023,71676731.67,71668944.83,69472134.04,2204597.63
ARAÇAGI,2024,91419732.18,90122289.56,87612415.2,3807316.98
ARAÇAGI,2025,90248833.69,90237518.39,88111268.36,2137565.33
ARARA,2023,58305245.25,57066681.68,56663916.99,1641328.26
ARARA,2024,70584707.66,70163960.1,68545071.08,2039636.58
ARARA,2025,69120080.58,68771771.26,68435770.85,684309.73
ARARUNA,2023,78491665.73,76215767.99,76087981.44,2403684.29
ARARUNA,2024,95232902.15,93230960.64,92116712.97,3116189.18
ARARUNA,2025,111483756.32,109589511.21,105802921.46,5680834.86
AREIA,2023,92879464.57,91663667.19,90669801.33,2209663.24
AREIA,2024,105316904.79,103087121.81,100740893.11,4576011.68
AREIA,2025,116663531.05,114578628.69,114577743.49,2085787.56
AREIA DE BARAÚNAS,2023,22591603.01,22591603.01,21594790.03,996812.98
AREIA DE BARAÚNAS,2024,28145989.45,28145989.45,28111908.43,34081.02
AREIA DE BARAÚNAS,2025,32059013.51,32043013.51,31140258.75,918754.76
AREIAL,2023,37948436.87,37948436.87,36107510.19,1840926.68
AREIAL,2024,45788410.7,45298928.35,44910644.08,877766.62
AREIAL,2025,53280759.5,52467599.04,51380003.08,1900756.42
AROEIRAS,2023,89325117.13,89315117.03,84718036.29,4607080.84
AROEIRAS,2024,103893249.73,103421301.33,96944044.09,6949205.64
AROEIRAS,2025,116348873.15,116201019.51,107955088.01,8393785.14
ASSUNÇÃO,2023,33196644.6,32379843.39,31134693.9,2061950.7
ASSUNÇÃO,2024,35505445.42,35096466.16,33643769.07,1861676.35
ASSUNÇÃO,2025,41560530.28,41481155.51,38875024.21,2685506.07
BAÍA DA TRAIÇÃO,2023,44698346.98,44687323.14,43446967.29,1251379.69
BAÍA DA TRAIÇÃO,2024,62666624.37,62666624.37,61867058.73,799565.64
BAÍA DA TRAIÇÃO,2025,84136620.55,83845589.1,80956366.54,3180254.01
BANANEIRAS,2023,107088968.95,105186739.5,102848563.33,4240405.62
BANANEIRAS,2024,132429767.89,132336845.5,130284710.06,2145057.83
BANANEIRAS,2025,142633758.25,142288399.45,137880864.66,4752893.59
BARAÚNA,2023,28781137.81,28572394.88,28524714.29,256423.52
BARAÚNA,2024,38043063.63,37953148.9,37766573.58,276490.05
BARAÚNA,2025,38342833.01,38303254.6,37155226.23,1187606.78
BARRA DE SANTA ROSA,2023,75901379.78,74753863.79,72171196.13,3730183.65
BARRA DE SANTA ROSA,2024,85267479.95,84506516.17,82993368.25,2274111.7
BARRA DE SANTA ROSA,2025,91198661.98,90899752.46,87458855.4,3739806.58
BARRA DE SANTANA,2023,40664020.42,40189068.21,39969169.41,694851.01
BARRA DE SANTANA,2024,49172038.59,49141091.65,49030211.5,141827.09
BARRA DE SANTANA,2025,54984300.52,54837817.45,52051228.16,2933072.36
BARRA DE SÃO MIGUEL,2023,41320346.32,41295098.66,39380929.36,1939416.96
BARRA DE SÃO MIGUEL,2024,53561022.02,51769780.62,50829278.02,2731744.0
BARRA DE SÃO MIGUEL,2025,53533822.79,53505261.91,51184336.27,2349486.52
BAYEUX,2023,337061132.94,334617915.28,305533568.12,31527564.82
BAYEUX,2024,369778500.35,363019267.21,341047102.88,28731397.47
BAYEUX,2025,395875210.62,391966747.05,369406987.74,26468222.88
BELÉM,2023,71691714.26,71311547.62,68674542.96,3017171.3
BELÉM,2024,81096785.08,80432633.45,77759218.07,3337567.01
BELÉM,2025,84678336.48,83303746.21,80930315.66,3748020.82
BELÉM DO BREJO DO CRUZ,2023,47663862.19,47028963.9,43616511.45,4047350.74
BELÉM DO BREJO DO CRUZ,2024,48957119.84,48890553.86,46707398.0,2249721.84
BELÉM DO BREJO DO CRUZ,2025,55998899.46,55952158.22,53592217.33,2406682.13
BERNARDINO BATISTA,2023,38235839.49,37952428.72,37424352.36,811487.13
BERNARDINO BATISTA,2024,43944854.53,43169012.94,42735836.46,1209018.07
BERNARDINO BATISTA,2025,50248849.21,50248849.21,49868858.72,379990.49
BOA VENTURA,2023,27728633.79,27728633.79,26683153.47,1045480.32
BOA VENTURA,2024,32835400.05,32835400.05,32732752.72,102647.33
BOA VENTURA,2025,38505228.98,38505228.98,37038635.01,1466593.97
BOA VISTA,2023,45375156.92,41633970.52,40657034.71,4718122.21
BOA VISTA,2024,50278934.56,49993559.03,49868974.72,409959.84
BOA VISTA,2025,59304892.11,54766870.14,54249495.61,5055396.5
BOM JESUS,2023,32690891.49,32690891.49,31047031.98,1643859.51
BOM JESUS,2024,36908669.91,36861812.91,35023938.86,1884731.05
BOM JESUS,2025,39911950.08,39911950.08,38196977.79,1714972.29
BOM SUCESSO,2023,37180304.63,37057209.37,36746417.4,433887.23
BOM SUCESSO,2024,44438321.7,44438321.7,44263707.18,174614.52
BOM SUCESSO,2025,47199432.35,46692600.24,46638976.79,560455.56
BONITO DE SANTA FÉ,2023,54265726.98,54171640.49,53582051.76,683675.22
BONITO DE SANTA FÉ,2024,60750762.4,60508281.58,60359072.57,391689.83
BONITO DE SANTA FÉ,2025,68430123.47,68378826.91,68105306.74,324816.73
BOQUEIRÃO,2023,75168164.42,74201319.46,72744797.15,2423367.27
BOQUEIRÃO,2024,89625565.79,89614675.79,88522684.53,1102881.26
BOQUEIRÃO,2025,98629690.37,95554015.9,95464786.44,3164903.93
BORBOREMA,2023,27225655.22,27218580.08,25173653.15,2052002.07
BORBOREMA,2024,30828961.99,30828961.99,30547381.99,281580.0
BORBOREMA,2025,36532150.79,36525668.54,36375524.22,156626.57
BREJO DO CRUZ,2023,84565095.18,84343916.69,82672812.07,1892283.11
BREJO DO CRUZ,2024,95456584.82,95191729.07,94407352.29,1049232.53
BREJO DO CRUZ,2025,107079519.9,106180256.88,104648490.78,2431029.12
BREJO DOS SANTOS,2023,32555921.21,32280942.79,31181540.39,1374380.82
BREJO DOS SANTOS,2024,40161206.61,40061716.81,37836359.08,2324847.53
BREJO DOS SANTOS,2025,40435691.99,40393468.92,37283256.19,3152435.8
CAAPORÃ,2023,108141287.03,103899089.19,102678149.01,5463138.02
CAAPORÃ,2024,137699601.89,137699600.29,137680466.9,19134.99
CAAPORÃ,2025,152365197.46,143761856.34,140998887.48,11366309.98
CABACEIRAS,2023,41777975.6,41752117.9,40401849.92,1376125.68
CABACEIRAS,2024,61324757.93,61051811.89,60950856.02,373901.91
CABACEIRAS,2025,51660790.28,51617062.28,51345230.36,315559.92
CABEDELO,2023,510784510.16,499254318.58,482326999.69,28457510.47
CABEDELO,2024,555749713.44,541724552.05,535555331.5,20194381.94
CABEDELO,2025,582805728.92,552201757.15,540299574.65,42506154.27
CACHOEIRA DOS ÍNDIOS,2023,51633399.09,50464414.22,50338042.21,1295356.88
CACHOEIRA DOS ÍNDIOS,2024,55163306.27,55163306.27,55163306.27,0.0
CACHOEIRA DOS ÍNDIOS,2025,57427495.92,57240318.61,56592342.55,835153.37
CACIMBA DE AREIA,2023,27087689.27,27081700.27,26684069.17,403620.1
CACIMBA DE AREIA,2024,29938637.27,29922835.27,29542555.62,396081.65
CACIMBA DE AREIA,2025,33758844.99,33756148.99,32155529.9,1603315.09
CACIMBA DE DENTRO,2023,67716915.35,66136548.86,62321319.11,5395596.24
CACIMBA DE DENTRO,2024,80666487.21,79969157.84,77697982.01,2968505.2
CACIMBA DE DENTRO,2025,79489871.45,79002752.01,77230886.56,2258984.89
CACIMBAS,2023,49602057.5,49344515.88,45595675.5,4006382.0
CACIMBAS,2024,59272328.14,59052185.3,57170832.47,2101495.67
CACIMBAS,2025,61989852.21,61772371.63,58877963.07,3111889.14
CAIÇARA,2023,35912346.15,35824074.76,35271822.96,640523.19
CAIÇARA,2024,41684354.7,41668070.83,40867225.05,817129.65
CAIÇARA,2025,46521197.11,46518222.11,45749658.22,771538.89
CAJAZEIRAS,2023,259691378.04,255134048.98,244775547.18,14915830.86
CAJAZEIRAS,2024,328812454.65,325016129.93,315291598.2,13520856.45
CAJAZEIRAS,2025,336675635.73,323780661.55,320793034.76,15882600.97
CAJAZEIRINHAS,2023,27720976.38,27688036.79,27309857.74,411118.64
CAJAZEIRINHAS,2024,31266131.93,31262015.08,30762124.54,504007.39
CAJAZEIRINHAS,2025,34821886.37,34821886.34,34623015.66,198870.71
CALDAS BRANDÃO,2023,50432767.48,50088681.65,49442169.63,990597.85
CALDAS BRANDÃO,2024,49310898.63,49305625.07,48460392.53,850506.1
CALDAS BRANDÃO,2025,47837166.09,47727487.74,46299189.76,1537976.33
CAMALAÚ,2023,32489008.15,32421402.41,31593997.5,895010.65
CAMALAÚ,2024,35650702.18,33983812.04,33967710.92,1682991.26
CAMALAÚ,2025,41864946.5,39474481.95,39186394.78,2678551.72
CAMPINA GRANDE,2023,1643337920.36,1638197083.44,1566620992.39,76716927.97
CAMPINA GRANDE,2024,2007945487.2,2005472012.85,1945339744.59,62605742.61
CAMPINA GRANDE,2025,2176104770.91,2124035830.1,2025589903.86,150514867.05
CAPIM,2023,37368794.89,37250682.15,36623152.01,745642.88
CAPIM,2024,46788066.59,46316923.52,46150857.69,637208.9
CAPIM,2025,46558449.17,46555199.96,45682793.79,875655.38
CARAÚBAS,2023,28088282.13,26282259.73,25669280.46,2419001.67
CARAÚBAS,2024,31200738.55,31200738.55,31200738.55,0.0
CARAÚBAS,2025,35976219.95,35667369.95,34718953.84,1257266.11
CARRAPATEIRA,2023,26237154.2,26199636.12,25509979.77,727174.43
CARRAPATEIRA,2024,34510600.07,33859153.05,33619842.54,890757.53
CARRAPATEIRA,2025,36249542.49,36242547.45,35415589.29,833953.2
CASSERENGUE,2023,36011017.09,36005153.22,31825889.36,4185127.73
CASSERENGUE,2024,40802660.65,40784717.77,39422280.11,1380380.54
CASSERENGUE,2025,42739669.56,42678373.06,41450432.34,1289237.22
CATINGUEIRA,2023,35030981.74,34159572.14,32789961.31,2241020.43
CATINGUEIRA,2024,40954715.43,40850648.28,40651240.68,303474.75
CATINGUEIRA,2025,39025839.12,38805540.35,37525366.96,1500472.16
CATOLÉ DO ROCHA,2023,116805078.21,115276781.74,110987702.86,5817375.35
CATOLÉ DO ROCHA,2024,127493364.42,125351123.6,120868495.59,6624868.83
CATOLÉ DO ROCHA,2025,143923675.53,143150074.82,137108526.24,6815149.29
CATURITÉ,2023,33992666.26,33989616.26,33516513.81,476152.45
CATURITÉ,2024,39992561.46,39923077.2,38368049.86,1624511.6
CATURITÉ,2025,39631184.1,39035365.49,37953185.6,1677998.5
CONCEIÇÃO,2023,79192831.51,79192831.51,74188871.92,5003959.59
CONCEIÇÃO,2024,92606127.84,92087803.96,90313370.64,2292757.2
CONCEIÇÃO,2025,98987136.43,98987136.43,95533894.91,3453241.52
CONDADO,2023,33405527.71,33314770.67,32854013.65,551514.06
CONDADO,2024,40105049.02,38812523.38,38627606.66,1477442.36
CONDADO,2025,44134678.34,43009316.75,42748967.44,1385710.9
CONDE,2023,207676935.37,197581496.82,188129822.33,19547113.04
CONDE,2024,206646998.84,205620713.74,203080154.79,3566844.05
CONDE,2025,242138248.94,238966710.92,233240972.24,8897276.7
CONGO,2023,32184019.67,31944624.5,31175835.46,1008184.21
CONGO,2024,42276946.1,41897046.1,41887288.1,389658.0
CONGO,2025,48654485.3,48223360.48,47188625.2,1465860.1
COREMAS,2023,57087506.24,56602370.08,56578297.08,509209.16
COREMAS,2024,84130368.96,84124717.72,84019234.12,111134.84
COREMAS,2025,91137002.76,91106454.73,89073037.46,2063965.3
COXIXOLA,2023,21840259.39,21507346.45,20583707.56,1256551.83
COXIXOLA,2024,25975721.94,25763627.75,25437724.16,537997.78
COXIXOLA,2025,29543193.06,29527899.81,28299783.63,1243409.43
CRUZ DO ESPÍRITO SANTO,2023,82122117.81,82110737.81,73859450.92,8262666.89
CRUZ DO ESPÍRITO SANTO,2024,86254133.17,86254133.17,84407798.92,1846334.25
CRUZ DO ESPÍRITO SANTO,2025,104927832.88,104061060.33,100523297.45,4404535.43
CUBATI,2023,42805004.18,42262155.86,37645684.87,5159319.31
CUBATI,2024,52803095.38,52505095.04,49839427.65,2963667.73
CUBATI,2025,63513668.43,63227541.96,60564016.2,2949652.23
CUITÉ,2023,100233380.67,99967195.63,95846751.61,4386629.06
CUITÉ,2024,124134891.48,122287826.17,120546534.45,3588357.03
CUITÉ,2025,125791995.52,123569602.85,118646292.05,7145703.47
CUITÉ DE MAMANGUAPE,2023,36657127.69,36648351.24,35514093.18,1143034.51
CUITÉ DE MAMANGUAPE,2024,54437095.12,54436078.17,53330791.53,1106303.59
CUITÉ DE MAMANGUAPE,2025,54064279.78,53819354.18,53020084.44,1044195.34
CUITEGI,2023,40605808.33,40460164.69,37739265.7,2866542.63
CUITEGI,2024,49953080.83,49904745.83,47695466.04,2257614.79
CUITEGI,2025,41452355.9,40618548.28,40257396.11,1194959.79
CURRAL DE CIMA,2023,39671977.66,39665940.43,36623368.29,3048609.37
CURRAL DE CIMA,2024,52357125.08,52357125.08,52357125.08,0.0
CURRAL DE CIMA,2025,47074214.85,44770847.81,44436494.2,2637720.65
CURRAL VELHO,2023,22440895.63,22440895.13,22247899.55,192996.08
CURRAL VELHO,2024,35392234.28,35363965.55,33536273.88,1855960.4
CURRAL VELHO,2025,36240527.59,36240527.59,35963972.15,276555.44
DAMIÃO,2023,28040218.03,27985901.38,26535500.4,1504717.63
DAMIÃO,2024,35292396.15,33902687.05,33224921.21,2067474.94
DAMIÃO,2025,38143193.22,37930893.42,36806799.13,1336394.09
DESTERRO,2023,45852316.89,45565146.43,44975561.47,876755.42
DESTERRO,2024,59633957.09,59633957.09,59599343.56,34613.53
DESTERRO,2025,64727556.89,64719354.66,63972371.8,755185.09
DIAMANTE,2023,35383569.87,34977845.15,33699850.22,1683719.65
DIAMANTE,2024,40150624.79,40150624.09,39544355.69,606269.1
DIAMANTE,2025,44567806.15,44412720.15,43080765.82,1487040.33
DONA INÊS,2023,57218235.26,57137471.21,56306004.62,912230.64
DONA INÊS,2024,70227615.45,70055734.44,68050145.08,2177470.37
DONA INÊS,2025,68941060.14,68716476.72,65271016.53,3670043.61
DUAS ESTRADAS,2023,28333422.09,28323702.09,26967652.37,1365769.72
DUAS ESTRADAS,2024,31107942.72,31044299.04,30650687.3,457255.42
DUAS ESTRADAS,2025,34814965.79,34526343.79,33793390.51,1021575.28
EMAS,2023,24352299.91,24302547.84,22224901.42,2127398.49
EMAS,2024,31870187.04,31338586.31,29824234.16,2045952.88
EMAS,2025,37127911.17,37079291.74,35349128.68,1778782.49
ESPERANÇA,2023,156596431.28,151245739.78,146636996.55,9959434.73
ESPERANÇA,2024,202567878.78,197763332.64,191084970.3,11482908.48
ESPERANÇA,2025,210365052.59,198673903.31,193108543.97,17256508.62
FAGUNDES,2023,46291812.01,46291812.01,39986485.98,6305326.03
FAGUNDES,2024,52754699.53,52754699.53,52485205.97,269493.56
FAGUNDES,2025,58628610.89,55546570.08,55518925.55,3109685.34
FREI MARTINHO,2023,24587250.98,23552375.09,23369349.77,1217901.21
FREI MARTINHO,2024,28772269.79,28703345.98,28670500.87,101768.92
FREI MARTINHO,2025,32781131.47,32727536.41,32713399.91,67731.56
GADO BRAVO,2023,38574279.58,38574279.58,36902582.94,1671696.64
GADO BRAVO,2024,52753529.93,52753529.93,51754814.16,998715.77
GADO BRAVO,2025,68090001.02,67592177.53,66313552.33,1776448.69
GUARABIRA,2023,210908606.15,210206720.74,210048101.01,860505.14
GUARABIRA,2024,240379840.37,239721829.36,239685813.23,694027.14
GUARABIRA,2025,264902911.96,264632394.03,262508951.64,2393960.32
GURINHÉM,2023,81098594.15,81057494.15,76741261.89,4357332.26
GURINHÉM,2024,91102368.38,90897845.53,89409002.27,1693366.11
GURINHÉM,2025,87907854.84,87899879.84,86034511.72,1873343.12
GURJÃO,2023,26847071.33,26834831.94,25425703.46,1421367.87
GURJÃO,2024,29243223.67,28672984.94,28519530.79,723692.88
GURJÃO,2025,34097037.65,32895812.78,32844953.95,1252083.7
IBIARA,2023,28220308.12,27815295.23,26347875.41,1872432.71
IBIARA,2024,32615011.68,32597461.68,32353816.89,261194.79
IBIARA,2025,36877859.43,36756479.43,35833798.7,1044060.73
IGARACY,2023,32772566.86,32547761.98,32222999.72,549567.14
IGARACY,2024,38330119.2,38076719.19,37925730.35,404388.85
IGARACY,2025,37194076.42,37187648.4,36864904.93,329171.49
IMACULADA,2023,44964703.19,44963365.19,44189204.4,775498.79
IMACULADA,2024,57091719.14,56659339.34,55832186.93,1259532.21
IMACULADA,2025,63089583.88,63081483.88,62654126.64,435457.24
INGÁ,2023,96980615.47,92823999.48,87158824.8,9821790.67
INGÁ,2024,103851099.86,103731067.26,100900043.32,2951056.54
INGÁ,2025,110072884.1,108834467.37,107063796.47,3009087.63
ITABAIANA,2023,85188201.27,85058981.25,82476914.73,2711286.54
ITABAIANA,2024,90027794.45,89841335.06,89616795.77,410998.68
ITABAIANA,2025,100586810.05,100583480.05,99206961.85,1379848.2
ITAPORANGA,2023,88582485.57,88582485.57,84133401.1,4449084.47
ITAPORANGA,2024,102104866.76,101517102.41,97613163.72,4491703.04
ITAPORANGA,2025,112035997.47,109387723.91,107959014.88,4076982.59
ITAPOROROCA,2023,72707594.67,72300811.17,69702282.94,3005311.73
ITAPOROROCA,2024,100018933.45,99786762.81,96921255.44,3097678.01
ITAPOROROCA,2025,104630697.85,104574233.95,101436885.68,3193812.17
ITATUBA,2023,50820761.81,50687871.05,50515438.82,305322.99
ITATUBA,2024,57406190.9,57389460.9,54543243.33,2862947.57
ITATUBA,2025,53773763.75,52486141.69,50935277.76,2838485.99
JACARAÚ,2023,88527653.47,87828026.56,81203006.43,7324647.04
JACARAÚ,2024,104461185.61,103604649.39,99910933.67,4550251.94
JACARAÚ,2025,110550033.86,110078673.57,103310102.67,7239931.19
JERICÓ,2023,39592378.6,39379184.98,37758425.11,1833953.49
JERICÓ,2024,46628953.67,46624584.83,44317421.33,2311532.34
JERICÓ,2025,47471649.71,46922531.63,45022930.1,2448719.61
JOÃO PESSOA,2023,3770287747.11,3523376389.36,3472652368.67,297635378.44
JOÃO PESSOA,2024,4541626554.45,4309830026.75,4270687473.38,270939081.07
JOÃO PESSOA,2025,4856505655.22,4571041570.47,4528508501.61,327997153.61
JOCA CLAUDINO,2023,30927693.79,30920419.73,27906308.72,3021385.07
JOCA CLAUDINO,2024,37577739.52,37561335.09,35777561.04,1800178.48
JOCA CLAUDINO,2025,41835297.01,41813408.46,39353519.73,2481777.28
JUAREZ TÁVORA,2023,39068915.55,38394052.91,35720541.9,3348373.65
JUAREZ TÁVORA,2024,43936447.94,43361311.98,40361918.63,3574529.31
JUAREZ TÁVORA,2025,46609161.55,45151895.06,40511687.78,6097473.77
JUAZEIRINHO,2023,87541516.77,86859358.42,84838411.82,2703104.95
JUAZEIRINHO,2024,103868537.03,100669335.76,98647763.61,5220773.42
JUAZEIRINHO,2025,117443100.18,115073131.88,109286626.36,8156473.82
JUNCO DO SERIDÓ,2023,47898014.24,45787069.53,45064963.14,2833051.1
JUNCO DO SERIDÓ,2024,43281073.81,42751309.82,42426043.99,855029.82
JUNCO DO SERIDÓ,2025,44434983.5,44009317.63,43477767.34,957216.16
JURIPIRANGA,2023,51737557.93,51340597.75,50182349.61,1555208.32
JURIPIRANGA,2024,65324478.91,65155387.6,64970031.32,354447.59
JURIPIRANGA,2025,69026376.07,68582990.64,66961573.09,2064802.98
JURU,2023,44750356.83,44608460.36,40519575.29,4230781.54
JURU,2024,56660682.37,56174672.16,53693737.85,2966944.52
JURU,2025,65611089.68,65598369.36,60620879.36,4990210.32
LAGOA,2023,28733576.09,28616163.11,27179427.26,1554148.83
LAGOA,2024,32578517.21,32578338.73,32179779.63,398737.58
LAGOA,2025,32934013.28,32934000.59,32352718.17,581295.11
LAGOA DE DENTRO,2023,40089519.99,39791231.38,37885495.21,2204024.78
LAGOA DE DENTRO,2024,51945490.48,51945490.48,51744493.02,200997.46
LAGOA DE DENTRO,2025,49854273.04,49734636.49,48516027.77,1338245.27
LAGOA SECA,2023,118336627.4,117247307.85,112962042.07,5374585.33
LAGOA SECA,2024,140439526.82,140432542.42,138362483.5,2077043.32
LAGOA SECA,2025,168832991.03,162011238.3,156469795.97,12363195.06
LASTRO,2023,23993480.94,23993480.94,23883505.91,109975.03
LASTRO,2024,33098924.89,33098919.89,32850880.42,248044.47
LASTRO,2025,33119317.8,33067542.45,33066402.33,52915.47
LIVRAMENTO,2023,35106233.72,35105133.72,33944580.6,1161653.12
LIVRAMENTO,2024,40132645.92,40132645.92,39817614.05,315031.87
LIVRAMENTO,2025,43674560.24,42984785.21,42499675.83,1174884.41
LOGRADOURO,2023,31337287.88,31120985.68,30316251.61,1021036.27
LOGRADOURO,2024,38140259.72,37268251.17,36838860.48,1301399.24
LOGRADOURO,2025,40296463.46,40296463.46,39892925.66,403537.8
LUCENA,2023,83760750.02,82589004.68,69511824.23,14248925.79
LUCENA,2024,85275516.02,85006362.59,77147648.75,8127867.27
LUCENA,2025,88765597.18,87274244.63,78459054.96,10306542.22
MÃE D'ÁGUA,2023,25938588.19,25900163.59,24831426.26,1107161.93
MÃE D'ÁGUA,2024,29486276.2,29388284.98,29068356.54,417919.66
MÃE D'ÁGUA,2025,27626364.75,27557720.67,27143096.02,483268.73
MALTA,2023,32546246.86,32333386.41,31754426.59,791820.27
MALTA,2024,39826109.25,39826109.25,39807140.28,18968.97
MALTA,2025,39866646.77,39818814.94,39785421.51,81225.26
MAMANGUAPE,2023,166638090.96,165236634.1,153486306.92,13151784.04
MAMANGUAPE,2024,202632619.62,200797147.03,196223147.03,6409472.59
MAMANGUAPE,2025,221846210.13,220971538.76,213990750.07,7855460.06
MANAÍRA,2023,43838723.27,42203699.29,42088025.02,1750698.25
MANAÍRA,2024,52590275.34,52004396.67,51926471.1,663804.24
MANAÍRA,2025,51966182.77,50719945.71,50647498.68,1318684.09
MARCAÇÃO,2023,44106549.34,44100560.01,41253870.47,2852678.87
MARCAÇÃO,2024,53670239.63,53045257.43,51328575.45,2341664.18
MARCAÇÃO,2025,46594439.43,46489380.5,45597428.75,997010.68
MARI,2023,92299580.31,92290973.43,90418003.2,1881577.11
MARI,2024,121449183.7,121019468.41,120906371.52,542812.18
MARI,2025,124669252.84,119386486.39,116345863.04,8323389.8
MARIZÓPOLIS,2023,39217218.45,39185363.27,37129414.32,2087804.13
MARIZÓPOLIS,2024,44268290.79,44253446.49,43745060.48,523230.31
MARIZÓPOLIS,2025,53860188.35,53695025.29,52883351.5,976836.85
MASSARANDUBA,2023,58071747.15,57653705.35,53155869.91,4915877.24
MASSARANDUBA,2024,65409157.28,65400276.88,64645967.81,763189.47
MASSARANDUBA,2025,75334729.21,71887960.76,71887960.73,3446768.48
MATARACA,2023,56733268.24,56081783.44,55622900.9,1110367.34
MATARACA,2024,64596732.71,64289513.23,64133969.67,462763.04
MATARACA,2025,67754074.01,67035740.0,67017540.0,736534.01
MATINHAS,2023,29245546.65,29245546.65,27907983.45,1337563.2
MATINHAS,2024,30052053.87,29430659.07,29213037.08,839016.79
MATINHAS,2025,28018111.9,27999551.17,27635498.86,382613.04
MATO GROSSO,2023,26599231.03,26599231.03,26432108.67,167122.36
MATO GROSSO,2024,36368079.51,36165973.11,35866034.47,502045.04
MATO GROSSO,2025,34896377.84,34896301.76,34514331.68,382046.16
MATURÉIA,2023,31707114.79,31707114.79,31017028.03,690086.76
MATURÉIA,2024,38804404.28,38772939.28,38517697.68,286706.6
MATURÉIA,2025,41257471.8,41248471.8,41136170.83,121300.97
MOGEIRO,2023,66242385.77,66108375.94,57502240.57,8740145.2
MOGEIRO,2024,77113350.17,76602144.48,75780784.26,1332565.91
MOGEIRO,2025,96353679.55,95939854.14,89074589.09,7279090.46
MONTADAS,2023,33641621.41,33641621.41,30497631.84,3143989.57
MONTADAS,2024,41779385.32,41779385.32,41665966.3,113419.02
MONTADAS,2025,43695376.14,42871943.53,42296716.94,1398659.2
MONTE HOREBE,2023,38280740.56,38276874.72,36888870.73,1391869.83
MONTE HOREBE,2024,46734446.99,46714494.11,44187911.1,2546535.89
MONTE HOREBE,2025,45124498.22,43079395.86,41088380.4,4036117.82
MONTEIRO,2023,139657104.75,139146538.71,134322479.83,5334624.92
MONTEIRO,2024,171088034.84,170190022.47,166367419.8,4720615.04
MONTEIRO,2025,188667656.26,187566393.08,182268937.89,6398718.37
MULUNGU,2023,39177975.26,39168896.21,38820090.76,357884.5
MULUNGU,2024,50894073.6,50892299.49,49613518.09,1280555.51
MULUNGU,2025,44464353.64,44422203.64,43975258.67,489094.97
NATUBA,2023,47526602.92,46750757.72,44883731.95,2642870.97
NATUBA,2024,55760140.44,55453796.88,54187587.13,1572553.31
NATUBA,2025,62793916.67,62031858.61,60219679.0,2574237.67
NAZAREZINHO,2023,41116923.72,41032216.19,40955268.65,161655.07
NAZAREZINHO,2024,44365002.2,44314420.02,44272464.19,92538.01
NAZAREZINHO,2025,49494555.56,48539042.62,48471560.62,1022994.94
NOVA FLORESTA,2023,41615736.56,40332803.2,39492859.91,2122876.65
NOVA FLORESTA,2024,46361043.71,44333742.11,44219811.36,2141232.35
NOVA FLORESTA,2025,52805062.59,47878894.87,47226981.04,5578081.55
NOVA OLINDA,2023,36044441.14,36044441.14,33271312.86,2773128.28
NOVA OLINDA,2024,41125625.79,40974225.79,38802808.86,2322816.93
NOVA OLINDA,2025,39708180.16,39682628.68,37832101.8,1876078.36
NOVA PALMEIRA,2023,34475985.19,34443985.19,33247938.07,1228047.12
NOVA PALMEIRA,2024,50008718.18,49537309.18,49536748.9,471969.28
NOVA PALMEIRA,2025,54762744.91,54217404.08,53444368.61,1318376.3
OLHO D'ÁGUA,2023,33278211.21,33268043.05,32287718.93,990492.28
OLHO D'ÁGUA,2024,38276255.14,38266344.12,37232008.61,1044246.53
OLHO D'ÁGUA,2025,38876205.16,38875400.16,37303490.53,1572714.63
OLIVEDOS,2023,28402230.56,27551067.98,26200133.23,2202097.33
OLIVEDOS,2024,32622777.74,32271507.13,31919083.34,703694.4
OLIVEDOS,2025,37218108.54,35599131.03,35442524.47,1775584.07
OURO VELHO,2023,28982567.34,28382059.56,27928816.66,1053750.68
OURO VELHO,2024,33944704.22,32172515.52,32026017.38,1918686.84
OURO VELHO,2025,34178809.12,33538184.57,33397353.54,781455.58
PARARI,2023,21238021.67,21238021.67,21074329.88,163691.79
PARARI,2024,27810240.4,27228362.4,26866797.42,943442.98
PARARI,2025,28475594.21,27972801.72,27355093.86,1120500.35
PASSAGEM,2023,23446412.97,23377268.15,21791836.9,1654576.07
PASSAGEM,2024,28045627.94,27972571.78,26627569.8,1418058.14
PASSAGEM,2025,32359589.57,32098289.18,30287943.4,2071646.17
PATOS,2023,377664328.17,369547100.97,362732717.79,14931610.38
PATOS,2024,447338566.23,442617097.26,438424878.78,8913687.45
PATOS,2025,509942401.08,498825517.9,498124720.4,11817680.68
PAULISTA,2023,68539458.67,65907089.48,64370072.63,4169386.04
PAULISTA,2024,86238281.63,85809411.65,85301358.48,936923.15
PAULISTA,2025,92837162.63,91635326.88,88926945.49,3910217.14
PEDRA BRANCA,2023,28226994.76,28223795.34,27652348.12,574646.64
PEDRA BRANCA,2024,36083891.67,36072532.72,36034130.43,49761.24
PEDRA BRANCA,2025,41818391.88,41818391.88,41791058.13,27333.75
PEDRA LAVRADA,2023,48420222.83,48167017.17,47133136.31,1287086.52
PEDRA LAVRADA,2024,61134225.03,60200006.42,58942924.33,2191300.7
PEDRA LAVRADA,2025,71884237.84,71128966.06,69460499.69,2423738.15
PEDRAS DE FOGO,2023,62524786.19,61709494.96,59773157.14,2751629.05
PEDRAS DE FOGO,2024,66938194.98,66552525.37,65464760.72,1473434.26
PEDRAS DE FOGO,2025,72458622.35,71284934.4,70963809.03,1494813.32
PEDRO RÉGIS,2023,30570008.77,30443580.8,29069890.86,1500117.91
PEDRO RÉGIS,2024,37961652.44,37733025.65,35940594.78,2021057.66
PEDRO RÉGIS,2025,39509869.92,39437555.89,37199843.84,2310026.08
PIANCÓ,2023,80364725.73,80293388.71,73471675.85,6893049.88
PIANCÓ,2024,87797763.8,87797763.8,84983881.58,2813882.22
PIANCÓ,2025,97269025.87,96763554.22,94887386.26,2381639.61
PICUÍ,2023,93271457.36,92824144.2,90475308.15,2796149.21
PICUÍ,2024,110351325.93,110341094.58,110175719.2,175606.73
PICUÍ,2025,131827257.03,131691017.09,130876841.1,950415.93
PILAR,2023,53711271.05,53679252.01,50255520.43,3455750.62
PILAR,2024,64385332.58,64344629.15,63420907.29,964425.29
PILAR,2025,69839504.84,68641881.17,64168514.67,5670990.17
PILÕES,2023,42976326.23,42965488.93,42544329.13,431997.1
PILÕES,2024,48083569.95,48068392.7,48040208.58,43361.37
PILÕES,2025,53144561.17,53034544.28,52544178.67,600382.5
PILÕEZINHOS,2023,34142112.15,34021312.15,33800559.34,341552.81
PILÕEZINHOS,2024,43015883.16,42798078.56,42785855.44,230027.72
PILÕEZINHOS,2025,47316755.41,47300243.41,46669324.99,647430.42
PIRPIRITUBA,2023,39645147.64,39001366.73,38462430.86,1182716.78
PIRPIRITUBA,2024,52016647.77,49624102.77,49392486.4,2624161.37
PIRPIRITUBA,2025,50013938.15,49939363.27,49302115.84,711822.31
PITIMBU,2023,104991496.04,104421570.21,101676842.84,3314653.2
PITIMBU,2024,122827894.11,121840972.28,120322660.51,2505233.6
PITIMBU,2025,125513036.77,123613817.37,122823794.79,2689241.98
POCINHOS,2023,86966410.92,86960547.16,83639990.98,3326419.94
POCINHOS,2024,130444701.26,129369595.09,127545183.95,2899517.31
POCINHOS,2025,166311927.23,165829720.07,162511153.07,3800774.16
POÇO DANTAS,2023,37576856.28,37428739.91,36989634.49,587221.79
POÇO DANTAS,2024,45836813.86,45833314.19,45723321.16,113492.7
POÇO DANTAS,2025,50695784.22,50659792.47,50659136.5,36647.72
POÇO DE JOSÉ DE MOURA,2023,36667129.13,36620481.7,36212803.78,454325.35
POÇO DE JOSÉ DE MOURA,2024,50915276.19,50432007.71,50072147.9,843128.29
POÇO DE JOSÉ DE MOURA,2025,49992191.05,49978349.05,49173098.11,819092.94
POMBAL,2023,139368787.96,137855574.84,136611663.66,2757124.3
POMBAL,2024,151001933.35,148925434.35,147891073.42,3110859.93
POMBAL,2025,169645052.25,168009556.23,166412924.38,3232127.87
PRATA,2023,30826329.39,30579300.05,29117516.46,1708812.93
PRATA,2024,31053670.81,30771167.1,30102108.63,951562.18
PRATA,2025,38596911.61,36771636.53,35515981.28,3080930.33
PRINCESA ISABEL,2023,110644621.25,110282920.21,103998355.27,6646265.98
PRINCESA ISABEL,2024,128756897.25,127823003.6,122012641.32,6744255.93
PRINCESA ISABEL,2025,145937368.62,145292572.14,139190105.93,6747262.69
PUXINANÃ,2023,65009111.14,65009111.14,64437028.2,572082.94
PUXINANÃ,2024,84007287.86,83560887.06,82893618.25,1113669.61
PUXINANÃ,2025,100116731.37,99786431.37,99715459.87,401271.5
QUEIMADAS,2023,186117229.62,185983519.7,181227670.09,4889559.53
QUEIMADAS,2024,229469210.89,228083000.94,227464131.17,2005079.72
QUEIMADAS,2025,267231221.5,261917859.24,259343819.52,7887401.98
QUIXABÁ,2023,23321141.41,22968488.43,22968096.12,353045.29
QUIXABÁ,2024,25228008.98,25228008.98,25228008.98,0.0
QUIXABÁ,2025,26199447.03,25821460.96,25256114.25,943332.78
REMÍGIO,2023,87169034.66,86565546.91,83101249.87,4067784.79
REMÍGIO,2024,94488089.22,94488089.22,94441117.35,46971.87
REMÍGIO,2025,122356274.03,121297595.24,119381750.94,2974523.09
RIACHÃO,2023,27766108.21,27719925.21,26417487.35,1348620.86
RIACHÃO,2024,33539034.49,33524752.41,33366581.74,172452.75
RIACHÃO,2025,31681141.3,30538408.91,29257952.49,2423188.81
RIACHÃO DO BACAMARTE,2023,39846139.38,39842441.95,39117187.89,728951.49
RIACHÃO DO BACAMARTE,2024,44143706.64,43673997.39,42870725.4,1272981.24
RIACHÃO DO BACAMARTE,2025,44903833.31,44890369.95,44217567.0,686266.31
RIACHÃO DO POÇO,2023,34764035.03,34642399.81,32434303.18,2329731.85
RIACHÃO DO POÇO,2024,41180845.81,41152050.41,39111775.88,2069069.93
RIACHÃO DO POÇO,2025,38122830.93,38110310.55,37520262.79,602568.14
RIACHO DE SANTO ANTÔNIO,2023,24110235.6,24094135.3,23693840.33,416395.27
RIACHO DE SANTO ANTÔNIO,2024,28386397.28,28384463.75,27986963.73,399433.55
RIACHO DE SANTO ANTÔNIO,2025,30791229.18,30690092.06,30452600.6,338628.58
RIACHO DOS CAVALOS,2023,42079947.96,42027130.75,40075246.37,2004701.59
RIACHO DOS CAVALOS,2024,54347151.91,54339374.16,51994794.94,2352356.97
RIACHO DOS CAVALOS,2025,55544680.16,55531648.41,52373334.05,3171346.11
RIO TINTO,2023,91211379.72,91100408.8,87730997.76,3480381.96
RIO TINTO,2024,108710856.65,108456856.65,107902854.72,808001.93
RIO TINTO,2025,127988944.03,127864444.03,126629886.44,1359057.59
SALGADINHO,2023,29152705.69,29037651.59,28851381.71,301323.98
SALGADINHO,2024,33074723.59,33074723.59,32819773.93,254949.66
SALGADINHO,2025,35070040.88,35056778.9,33637443.41,1432597.47
SALGADO DE SÃO FÉLIX,2023,51703772.65,51461015.3,50022776.91,1680995.74
SALGADO DE SÃO FÉLIX,2024,59895217.16,59879432.16,59108453.39,786763.77
SALGADO DE SÃO FÉLIX,2025,64158153.32,63561745.83,62401895.41,1756257.91
SANTA CECÍLIA,2023,35068659.63,35035501.58,33927802.8,1140856.83
SANTA CECÍLIA,2024,39693001.79,39636127.67,39476564.95,216436.84
SANTA CECÍLIA,2025,44675392.63,44630696.63,44426090.03,249302.6
SANTA CRUZ,2023,36502760.28,36279141.23,33286823.93,3215936.35
SANTA CRUZ,2024,40819948.57,40668680.57,37711083.26,3108865.31
SANTA CRUZ,2025,40948160.94,40938867.09,40163685.58,784475.36
SANTA HELENA,2023,40926955.77,38867723.36,37465956.81,3460998.96
SANTA HELENA,2024,48151054.27,47201271.32,44548303.04,3602751.23
SANTA HELENA,2025,48924133.86,48070005.65,43928395.68,4995738.18
SANTA INÊS,2023,23959343.96,23959343.96,22741935.71,1217408.25
SANTA INÊS,2024,27978010.53,27978010.53,27071175.04,906835.49
SANTA INÊS,2025,30791721.07,30514267.4,29063374.48,1728346.59
SANTA LUZIA,2023,89226680.29,78667967.78,75305321.67,13921358.62
SANTA LUZIA,2024,103280623.86,103279523.4,102878645.25,401978.61
SANTA LUZIA,2025,130412717.8,128686221.31,128685349.3,1727368.5
SANTA RITA,2023,487948448.18,467754694.74,442106541.19,45841906.99
SANTA RITA,2024,565985966.57,550493594.88,540771884.51,25214082.06
SANTA RITA,2025,646676012.45,608499826.94,599328299.61,47347712.84
SANTA TERESINHA,2023,27970273.48,27970273.48,27445311.11,524962.37
SANTA TERESINHA,2024,34474314.52,34282118.72,32751662.9,1722651.62
SANTA TERESINHA,2025,35242674.38,35234074.38,33311700.45,1930973.93
SANTANA DE MANGUEIRA,2023,29135587.61,28964575.44,28488154.29,647433.32
SANTANA DE MANGUEIRA,2024,36657752.68,36637490.68,35214515.19,1443237.49
SANTANA DE MANGUEIRA,2025,41605765.33,41489470.74,41130789.2,474976.13
SANTANA DOS GARROTES,2023,33626587.54,31878264.16,31792788.42,1833799.12
SANTANA DOS GARROTES,2024,41134743.42,40883325.01,40781455.01,353288.41
SANTANA DOS GARROTES,2025,41735797.2,40935009.91,40930469.67,805327.53
SANTO ANDRÉ,2023,25470361.3,25469442.46,23242635.4,2227725.9
SANTO ANDRÉ,2024,29136917.0,29136917.0,27178421.25,1958495.75
SANTO ANDRÉ,2025,30223864.95,30147361.71,28924754.25,1299110.7
SÃO BENTINHO,2023,29715707.35,29701608.87,29049126.1,666581.25
SÃO BENTINHO,2024,34900441.81,34898416.81,34708560.06,191881.75
SÃO BENTINHO,2025,37498393.63,37498393.63,37423293.43,75100.2
SÃO BENTO,2023,154234205.95,147913390.98,135884215.89,18349990.06
SÃO BENTO,2024,210146624.72,209997894.86,207947190.03,2199434.69
SÃO BENTO,2025,228519255.97,227450487.75,224738933.45,3780322.52
SÃO DOMINGOS,2023,22679928.75,22181162.98,21797903.61,882025.14
SÃO DOMINGOS,2024,27142768.49,26485596.3,26388589.6,754178.89
SÃO DOMINGOS,2025,31431881.78,30877515.92,30877515.92,554365.86
SÃO DOMINGOS DO CARIRI,2023,24407358.27,23459667.48,23302525.58,1104832.69
SÃO DOMINGOS DO CARIRI,2024,25321308.13,24835391.97,24620318.36,700989.77
SÃO DOMINGOS DO CARIRI,2025,36774470.44,36050082.37,35491250.04,1283220.4
SÃO FRANCISCO,2023,26780112.76,26526902.05,26509902.63,270210.13
SÃO FRANCISCO,2024,31319657.02,30201388.98,30041496.44,1278160.58
SÃO FRANCISCO,2025,38213166.87,38136252.54,37923481.26,289685.61
SÃO JOÃO DO CARIRI,2023,29540660.3,29540660.3,27635535.69,1905124.61
SÃO JOÃO DO CARIRI,2024,35503043.26,35503043.26,35503043.26,0.0
SÃO JOÃO DO CARIRI,2025,41578976.44,41157004.79,39093500.12,2485476.32
SÃO JOÃO DO RIO DO PEIXE,2023,103711583.46,103181977.06,99970286.63,3741296.83
SÃO JOÃO DO RIO DO PEIXE,2024,135018335.54,134949838.76,129593470.17,5424865.37
SÃO JOÃO DO RIO DO PEIXE,2025,136368951.89,136262683.5,131113462.13,5255489.76
SÃO JOÃO DO TIGRE,2023,33011371.98,33004927.98,32713387.63,297984.35
SÃO JOÃO DO TIGRE,2024,32813404.28,32813404.28,32798547.77,14856.51
SÃO JOÃO DO TIGRE,2025,36708836.38,36228905.37,35617084.0,1091752.38
SÃO JOSÉ DA LAGOA TAPADA,2023,44040006.43,43563159.08,43157629.56,882376.87
SÃO JOSÉ DA LAGOA TAPADA,2024,49843673.72,49642211.09,47628905.4,2214768.32
SÃO JOSÉ DA LAGOA TAPADA,2025,50618413.15,48252362.43,48221976.1,2396437.05
SÃO JOSÉ DE CAIANA,2023,31899431.75,31899431.75,30090360.68,1809071.07
SÃO JOSÉ DE CAIANA,2024,44678068.22,42854047.94,42080210.68,2597857.54
SÃO JOSÉ DE CAIANA,2025,48029779.72,46968025.0,44252014.29,3777765.43
SÃO JOSÉ DE ESPINHARAS,2023,28617405.49,28364822.35,27436840.43,1180565.06
SÃO JOSÉ DE ESPINHARAS,2024,31529732.98,31459702.8,31424410.4,105322.58
SÃO JOSÉ DE ESPINHARAS,2025,37726541.08,37694810.61,37348195.25,378345.83
SÃO JOSÉ DE PIRANHAS,2023,95419731.29,94873282.29,93135071.38,2284659.91
SÃO JOSÉ DE PIRANHAS,2024,109586158.13,108436091.64,104612101.12,4974057.01
SÃO JOSÉ DE PIRANHAS,2025,111758893.84,111330022.24,105139905.84,6618988.0
SÃO JOSÉ DE PRINCESA,2023,25296206.8,25202202.38,23347548.22,1948658.58
SÃO JOSÉ DE PRINCESA,2024,25045019.36,25026559.65,24780036.88,264982.48
SÃO JOSÉ DE PRINCESA,2025,31640290.51,31246750.36,30603190.84,1037099.67
SÃO JOSÉ DO BONFIM,2023,25136876.05,25111801.05,24954815.0,182061.05
SÃO JOSÉ DO BONFIM,2024,28756591.8,28746246.8,28745316.8,11275.0
SÃO JOSÉ DO BONFIM,2025,32831513.59,32831513.59,32821994.79,9518.8
SÃO JOSÉ DO BREJO DO CRUZ,2023,24527578.55,23916049.31,23640035.2,887543.35
SÃO JOSÉ DO BREJO DO CRUZ,2024,28494086.44,28274279.78,28267839.78,226246.66
SÃO JOSÉ DO BREJO DO CRUZ,2025,30388833.0,30148339.15,30145513.62,243319.38
SÃO JOSÉ DO SABUGI,2023,39861751.97,39462298.45,36947853.58,2913898.39
SÃO JOSÉ DO SABUGI,2024,53832840.43,53651121.53,51049492.9,2783347.53
SÃO JOSÉ DO SABUGI,2025,48443266.07,46825543.45,46777657.21,1665608.86
SÃO JOSÉ DOS CORDEIROS,2023,24123637.31,24123637.31,23857022.4,266614.91
SÃO JOSÉ DOS CORDEIROS,2024,32567286.78,32073733.78,31567931.26,999355.52
SÃO JOSÉ DOS CORDEIROS,2025,38547366.35,37271407.51,36878309.49,1669056.86
SÃO JOSÉ DOS RAMOS,2023,38349367.02,38325054.93,37338410.43,1010956.59
SÃO JOSÉ DOS RAMOS,2024,45707590.69,44455532.83,44043130.54,1664460.15
SÃO JOSÉ DOS RAMOS,2025,48003456.22,47984511.52,47620318.68,383137.54
SÃO MAMEDE,2023,42629836.39,42372855.29,41915710.78,714125.61
SÃO MAMEDE,2024,66683147.59,66682367.59,66664495.51,18652.08
SÃO MAMEDE,2025,48756676.2,48569688.35,48467590.06,289086.14
SÃO MIGUEL DE TAIPU,2023,46660596.37,46020929.52,45693048.77,967547.6
SÃO MIGUEL DE TAIPU,2024,49246456.76,49170156.27,48805666.35,440790.41
SÃO MIGUEL DE TAIPU,2025,54499396.48,53391500.74,53370322.27,1129074.21
SÃO SEBASTIÃO DE LAGOA DE ROÇA,2023,55001101.54,54980712.94,54707384.78,293716.76
SÃO SEBASTIÃO DE LAGOA DE ROÇA,2024,63095876.33,63084867.92,62945003.81,150872.52
SÃO SEBASTIÃO DE LAGOA DE ROÇA,2025,67379180.75,66910349.78,66613146.35,766034.4
SÃO SEBASTIÃO DO UMBUZEIRO,2023,24885811.21,24885063.21,23617045.92,1268765.29
SÃO SEBASTIÃO DO UMBUZEIRO,2024,31719786.09,31719786.09,30722312.58,997473.51
SÃO SEBASTIÃO DO UMBUZEIRO,2025,33701001.29,33700983.03,32402004.63,1298996.66
SÃO VICENTE DO SERIDÓ,2023,49759027.23,49675089.97,43478710.35,6280316.88
SÃO VICENTE DO SERIDÓ,2024,56551406.95,55904260.98,50953762.41,5597644.54
SÃO VICENTE DO SERIDÓ,2025,55452713.38,55232129.2,53216841.63,2235871.75
SAPÉ,2023,214258669.84,213482814.93,195574109.06,18684560.78
SAPÉ,2024,242028703.94,240852135.63,224174824.75,17853879.19
SAPÉ,2025,268079367.82,267515098.32,242240827.29,25838540.53
SERRA BRANCA,2023,61620046.53,61392937.73,60833284.07,786762.46
SERRA BRANCA,2024,74239746.41,74192163.81,74128532.32,111214.09
SERRA BRANCA,2025,85414996.73,82590610.27,79552689.85,5862306.88
SERRA DA RAIZ,2023,28454380.21,28328463.18,28107402.88,346977.33
SERRA DA RAIZ,2024,32283713.88,32283713.88,32278097.06,5616.82
SERRA DA RAIZ,2025,35745748.2,35745661.1,35562213.6,183534.6
SERRA GRANDE,2023,25118683.52,25118683.52,24290878.84,827804.68
SERRA GRANDE,2024,27615595.45,27362580.59,26665533.36,950062.09
SERRA GRANDE,2025,34113644.48,34069992.46,33107855.2,1005789.28
SERRA REDONDA,2023,29449487.0,29448550.93,28131602.16,1317884.84
SERRA REDONDA,2024,36985009.61,35814841.24,35469659.84,1515349.77
SERRA REDONDA,2025,44470446.12,44042684.2,41506487.48,2963958.64
SERRARIA,2023,27350148.7,27169152.98,25791044.25,1559104.45
SERRARIA,2024,33203238.17,32923238.17,32250163.4,953074.77
SERRARIA,2025,37070632.67,37066682.67,35450813.97,1619818.7
SERTÃOZINHO,2023,34501255.44,34313983.88,33523104.01,978151.43
SERTÃOZINHO,2024,42112797.64,42087971.38,41945202.87,167594.77
SERTÃOZINHO,2025,45823033.36,45588985.48,44944931.17,878102.19
SOBRADO,2023,42475107.75,42396110.12,39213113.74,3261994.01
SOBRADO,2024,48448780.75,48448185.38,47836306.84,612473.91
SOBRADO,2025,54087040.81,54082012.06,53579942.52,507098.29
SOLÂNEA,2023,83198584.11,82903928.76,81908264.34,1290319.77
SOLÂNEA,2024,107246060.72,107213135.3,107185800.25,60260.47
SOLÂNEA,2025,108539542.12,108462949.14,107336852.95,1202689.17
SOLEDADE,2023,71086083.01,70217517.29,69068882.42,2017200.59
SOLEDADE,2024,90508654.38,89290519.88,87515022.6,2993631.78
SOLEDADE,2025,94872486.52,93891927.67,92450777.18,2421709.34
SOSSÊGO,2023,26091660.99,25799897.65,25499515.51,592145.48
SOSSÊGO,2024,30269466.64,30014557.08,29742646.35,526820.29
SOSSÊGO,2025,34465097.32,33951811.41,33899682.4,565414.92
SOUSA,2023,225583250.85,221685526.78,212922846.57,12660404.28
SOUSA,2024,274742706.78,274336096.81,269924139.2,4818567.58
SOUSA,2025,281694719.36,280443358.94,274183196.6,7511522.76
SUMÉ,2023,102141781.61,101805313.29,97602792.07,4538989.54
SUMÉ,2024,128609478.43,128525470.91,125075512.32,3533966.11
SUMÉ,2025,111575566.74,111469101.18,108712856.86,2862709.88
TACIMA,2023,44483852.06,43551450.19,40904016.08,3579835.98
TACIMA,2024,47851060.25,47464015.9,46123128.72,1727931.53
TACIMA,2025,50745813.44,50537947.07,49026481.25,1719332.19
TAPEROÁ,2023,64752468.22,64744068.22,61316343.23,3436124.99
TAPEROÁ,2024,79223090.44,79219433.17,75116790.62,4106299.82
TAPEROÁ,2025,88264851.46,88252943.45,86496101.88,1768749.58
TAVARES,2023,60921592.38,60861930.89,58612879.83,2308712.55
TAVARES,2024,76240206.73,75761790.49,73319939.12,2920267.61
TAVARES,2025,83842007.59,82930108.46,77501684.43,6340323.16
TEIXEIRA,2023,66038397.54,65977296.44,63736287.78,2302109.76
TEIXEIRA,2024,81181521.44,81169390.44,80752880.17,428641.27
TEIXEIRA,2025,92759043.69,92551052.96,92551052.96,207990.73
TENÓRIO,2023,25075267.93,25075267.93,24799258.58,276009.35
TENÓRIO,2024,30964767.75,30954276.73,30721598.25,243169.5
TENÓRIO,2025,33430175.76,33430175.76,33208801.65,221374.11
TRIUNFO,2023,60359819.24,60327740.64,58432496.54,1927322.7
TRIUNFO,2024,72825324.05,72334075.05,71066714.32,1758609.73
TRIUNFO,2025,81623278.67,81563530.64,80841113.9,782164.77
UIRAÚNA,2023,82849404.42,82637575.84,80624126.58,2225277.84
UIRAÚNA,2024,101327788.92,100393363.94,98566122.1,2761666.82
UIRAÚNA,2025,101808524.41,101807927.61,101807382.17,1142.24
UMBUZEIRO,2023,53856435.63,53851689.63,50808468.3,3047967.33
UMBUZEIRO,2024,73611273.81,73608340.29,71170169.52,2441104.29
UMBUZEIRO,2025,73722604.08,73709175.14,68869828.93,4852775.15
VÁRZEA,2023,23337323.62,23337323.62,23337323.62,0.0
VÁRZEA,2024,25232667.72,25232667.72,25232667.72,0.0
VÁRZEA,2025,25123637.86,25088767.44,25042843.02,80794.84
VIEIRÓPOLIS,2023,30060406.33,30060406.33,29067488.52,992917.81
VIEIRÓPOLIS,2024,35925880.82,35925880.82,35639570.2,286310.62
VIEIRÓPOLIS,2025,40017344.42,39845822.24,39845822.24,171522.18
VISTA SERRANA,2023,29484216.13,28663434.67,28464962.3,1019253.83
VISTA SERRANA,2024,32472730.0,32060730.0,32060730.0,412000.0
VISTA SERRANA,2025,36102989.36,36077672.63,35814123.95,288865.41
ZABELÊ,2023,28572630.38,28527221.32,26779100.84,1793529.54
ZABELÊ,2024,29370763.25,29346782.9,27765902.38,1604860.87
ZABELÊ,2025,31312656.95,30806504.46,29896277.55,1416379.4
