ano,codigo_fonte_recurso,descricao_fonte_recurso,ano_fonte,total_empenhado,total_pago,percentual_empenhado_no_ano
2023,500,RECURSOS NÃO VINCULADOS DE IMPOSTOS,2,9693233359.63,9093630261.97,50.561021
2023,540,TRANSFERÊNCIAS DO FUNDEB - IMPOSTOS E TRANSFERÊNCIAS DE IMPOSTOS,2,3181102594.62,3093851524.85,16.592997
2023,600,TRANSFERÊNCIAS FUNDO A FUNDO DE RECURSOS DO SUS PROVENIENTES DO GOVERNO FEDERAL - BLOCO DE MANUTENÇÃO DAS AÇÕES E SERVIÇOS PÚBLICOS DE SAÚDE,2,2222144300.89,2061369940.38,11.590961
2023,800,RECURSOS VINCULADOS AO RPPS - FUNDO EM CAPITALIZAÇÃO (PLANO PREVIDENCIÁRIO),2,734118685.15,731546616.59,3.829248
2023,542,TRANSFERÊNCIAS DO FUNDEB - COMPLEMENTAÇÃO DA UNIÃO - VAAT,2,583654706.87,562650305.32,3.04441
2023,700,OUTRAS TRANSFERÊNCIAS DE CONVÊNIOS OU REPASSES DA UNIÃO,2,262534986.78,217828483.87,1.369413
2023,541,TRANSFERÊNCIAS DO FUNDEB - COMPLEMENTAÇÃO DA UNIÃO - VAAF,2,260216172.54,257050476.1,1.357318
2023,801,RECURSOS VINCULADOS AO RPPS - FUNDO EM REPARTIÇÃO (PLANO FINANCEIRO),1,227238978.32,226572710.67,1.185305
2023,754,RECURSOS DE OPERAÇÕES DE CRÉDITO,2,201303743.4,173566195.1,1.050024
2023,660,TRANSFERÊNCIA DE RECURSOS DO FUNDO NACIONAL DE ASSISTÊNCIA SOCIAL - FNAS,2,187757834.41,179780722.36,0.979366
2023,605,ASSISTÊNCIA FINANCEIRA DA UNIÃO DESTINADA À COMPLEMENTAÇÃO AO PAGAMENTO DOS PISOS SALARIAIS PARA PROFISSIONAIS DA ENFERMAGEM,1,171226100.48,164936166.97,0.893135
2023,604,TRANSFERÊNCIAS PROVENIENTES DO GOVERNO FEDERAL DESTINADAS AO VENCIMENTO DOS AGENTES COMUNITÁRIOS DE SAÚDE E DOS AGENTES DE COMBATE ÀS ENDEMIAS,2,150310591.02,148662627.66,0.784037
2023,571,TRANSFERÊNCIAS DO ESTADO REFERENTES A CONVÊNIOS E OUTROS REPASSES VINCULADOS À EDUCAÇÃO,2,123398703.84,115951865.12,0.643662
2023,751,RECURSOS DA CONTRIBUIÇÃO PARA O CUSTEIO DO SERVIÇO DE ILUMINAÇÃO PÚBLICA - COSIP,1,121738063.46,111050803.96,0.635
2023,501,OUTROS RECURSOS NÃO VINCULADOS,2,98390096.73,94072851.33,0.513214
2023,601,TRANSFERÊNCIAS FUNDO A FUNDO DE RECURSOS DO SUS PROVENIENTES DO GOVERNO FEDERAL - BLOCO DE ESTRUTURAÇÃO DA REDE DE SERVIÇOS PÚBLICOS DE SAÚDE,2,90212636.67,72092073.49,0.47056
2023,552,TRANSFERÊNCIAS DE RECURSOS DO FNDE REFERENTES AO PROGRAMA NACIONAL DE ALIMENTAÇÃO ESCOLAR (PNAE),2,78051029.7,75260423.36,0.407123
2023,544,RECURSOS DE PRECATÓRIOS DO FUNDEF,2,66179824.29,64049099.95,0.345202
2023,550,TRANSFERÊNCIA DO SALÁRIO-EDUCAÇÃO,2,65501805.0,60524730.62,0.341665
2023,711,DEMAIS TRANSFERÊNCIAS OBRIGATÓRIAS NÃO DECORRENTES DE REPARTIÇÕES DE RECEITAS.,2,64294105.22,58979645.03,0.335365
2023,569,OUTRAS TRANSFERÊNCIAS DE RECURSOS DO FNDE,2,54564401.66,45258707.44,0.284614
2023,706,TRANSFERÊNCIA ESPECIAL DA UNIÃO,2,53797317.52,50657926.22,0.280613
2023,701,OUTRAS TRANSFERÊNCIAS DE CONVÊNIOS OU REPASSES DOS ESTADOS,2,45464589.61,42495530.57,0.237149
2023,704,TRANSFERÊNCIA DA UNIÃO REFERENTE A ROYALTIES DO PETRÓLEO E GÁS NATURAL,2,43344685.4,36647405.13,0.226091
2023,752,RECURSOS VINCULADOS AO TRÂNSITO,1,36762524.23,34812411.7,0.191758
2023,621,TRANSFERÊNCIAS FUNDO A FUNDO DE RECURSOS DO SUS PROVENIENTES DO GOVERNO ESTADUAL,2,36665538.37,35647453.05,0.191252
2023,553,TRANSFERÊNCIAS DE RECURSOS DO FNDE REFERENTES AO PROGRAMA NACIONAL DE APOIO AO TRANSPORTE ESCOLAR (PNATE),2,31988304.02,31253318.63,0.166855
2023,802,RECURSOS VINCULADOS AO RPPS - TAXA DE ADMINISTRAÇÃO,2,26467341.86,25538259.09,0.138057
2023,759,RECURSOS VINCULADOS A FUNDOS,1,23799873.56,23126134.86,0.124143
2023,502,RECURSOS NÃO VINCULADOS DA COMPENSAÇÃO DE IMPOSTOS,1,23494521.21,22908629.04,0.12255
2023,659,OUTROS RECURSOS VINCULADOS À SAÚDE,1,22618304.35,20521710.41,0.11798
2023,632,TRANSFERÊNCIAS DO ESTADO REFERENTES A CONVÊNIOS E OUTROS REPASSES VINCULADOS À SAÚDE,2,22580694.67,21532501.13,0.117784
2023,715,TRANSFERÊNCIAS DESTINADAS AO SETOR CULTURAL - LC Nº 195/2022 - ART. 5º - AUDIOVISUAL,2,20952482.82,16676007.28,0.109291
2023,543,TRANSFERÊNCIAS DO FUNDEB - COMPLEMENTAÇÃO DA UNIÃO - VAAR,1,20947537.18,15036894.62,0.109265
2023,899,OUTROS RECURSOS VINCULADOS,2,17204305.44,14561215.53,0.08974
2023,631,TRANSFERÊNCIAS DO GOVERNO FEDERAL REFERENTES A CONVÊNIOS E OUTROS REPASSES VINCULADOS À SAÚDE,2,12608801.7,11550095.03,0.065769
2023,570,TRANSFERÊNCIAS DO GOVERNO FEDERAL REFERENTES A CONVÊNIOS E OUTROS REPASSES VINCULADOS À EDUCAÇÃO,2,11864637.46,11370244.93,0.061887
2023,575,OUTRAS TRANSFERÊNCIAS DE CONVÊNIOS E INSTRUMENTOS CONGÊNERES VINCULADOS À EDUCAÇÃO,2,10826429.05,10089671.6,0.056472
2023,716,TRANSFERÊNCIAS DESTINADAS AO SETOR CULTURAL - LC Nº 195/2022 - ART. 8º - DEMAIS SETORES DA CULTURA,2,9355421.96,7211428.82,0.048799
2023,710,TRANSFERÊNCIA ESPECIAL DOS ESTADOS,2,8690968.39,6952110.0,0.045333
2023,708,TRANSFERÊNCIA DA UNIÃO REFERENTE À COMPENSAÇÃO FINANCEIRA DE RECURSOS MINERAIS,2,8600802.31,8560680.18,0.044863
2023,669,OUTROS RECURSOS VINCULADOS À ASSISTÊNCIA SOCIAL,2,8085519.8,7662725.8,0.042175
2023,749,OUTRAS VINCULAÇÕES DE TRANSFERÊNCIAS,2,7295436.0,6175948.23,0.038054
2023,636,OUTRAS TRANSFERÊNCIAS DE CONVÊNIOS E INSTRUMENTOS CONGÊNERES VINCULADOS À SAÚDE,2,5970086.23,5787714.83,0.031141
2023,755,RECURSOS DE ALIENAÇÃO DE BENS/ATIVOS - ADMINISTRAÇÃO DIRETA,2,5275458.31,5275458.31,0.027517
2023,573,ROYALTIES E PARTICIPAÇÃO ESPECIAL DE PETRÓLEO E GÁS NATURAL VINCULADOS À EDUCAÇÃO - LEI Nº 12.858/2013,1,4344019.1,3096642.98,0.022659
2023,661,TRANSFERÊNCIA DE RECURSOS DOS FUNDOS ESTADUAIS DE ASSISTÊNCIA SOCIAL,2,3173861.89,3044073.71,0.016555
2023,635,ROYALTIES E PARTICIPAÇÃO ESPECIAL DE PETRÓLEO E GÁS NATURAL VINCULADOS À SAÚDE - LEI Nº 12.858/2013,1,2444468.17,2344570.82,0.012751
2023,576,TRANSFERÊNCIAS DE RECURSOS DOS ESTADOS PARA PROGRAMAS DE EDUCAÇÃO,2,2162840.96,2121434.32,0.011282
2023,880,RECURSOS PRÓPRIOS DOS CONSÓRCIOS,1,1552371.51,1472365.81,0.008097
2023,665,TRANSFERÊNCIAS DE CONVÊNIOS E OUTROS REPASSES VINCULADOS À ASSISTÊNCIA SOCIAL,2,1272728.93,1148286.41,0.006639
2023,799,OUTRAS VINCULAÇÕES LEGAIS,1,943529.89,808317.97,0.004922
2023,750,RECURSOS DA CONTRIBUIÇÃO DE INTERVENÇÃO NO DOMÍNIO ECONÔMICO - CIDE,1,807991.66,755764.42,0.004215
2023,551,TRANSFERÊNCIAS DE RECURSOS DO FNDE REFERENTES AO PROGRAMA DINHEIRO DIRETO NA ESCOLA (PDDE),1,766891.78,753679.06,0.004
2023,602,TRANSFERÊNCIAS FUNDO A FUNDO DE RECURSOS DO SUS PROVENIENTES DO GOVERNO FEDERAL - BLOCO DE MANUTENÇÃO DAS AÇÕES E SERVIÇOS PÚBLICOS DE SAÚDE – RECURSOS DESTINADOS AO ENFRENTAMENTO DA COVID-19 NO BOJO DA AÇÃO 21C0.,2,711659.73,698259.35,0.003712
2023,599,OUTROS RECURSOS VINCULADOS À EDUCAÇÃO,1,450085.14,366095.14,0.002348
2023,707,TRANSFERÊNCIAS DA UNIÃO – INCISO I DO ART. 5º DA LEI COMPLEMENTAR 173/2020,1,366746.41,364058.14,0.001913
2023,703,OUTRAS TRANSFERÊNCIAS DE CONVÊNIOS OU CONTRATOS DE REPASSE DE OUTRAS ENTIDADES,1,194687.02,194687.02,0.001016
2023,717,"ASSISTÊNCIA FINANCEIRA TRANSPORTE COLETIVO - ART. 5º, INCISO IV, EC Nº 123/2022",1,178045.93,178045.93,0.000929
2023,702,OUTRAS TRANSFERÊNCIAS DE CONVÊNIOS OU REPASSES DOS MUNICÍPIOS,1,105558.57,98454.57,0.000551
2023,719,TRANSFERÊNCIAS DA POLÍTICA NACIONAL ALDIR BLANC DE FOMENTO À CULTURA - LEI 14.399/2022,1,21622.52,17122.52,0.000113
2023,753,RECURSOS PROVENIENTES DE TAXAS E CONTRIBUIÇÕES,1,14551.8,14551.8,7.6e-05
2023,714,"TRANSFERÊNCIAS FUNDO A FUNDO DE RECURSOS
DO FUNDO DE AMPARO AO TRABALHADOR -
F A",1,9934.82,9934.82,5.2e-05
2023,622,TRANSFERÊNCIAS FUNDO A FUNDO DE RECURSOS DO SUS PROVENIENTES DOS GOVERNOS MUNICIPAIS,1,0.0,0.0,0.0
2023,718,"AUXÍLIO FINANCEIRO - OUTORGA CRÉDITO TRIBUTÁRIO ICMS - ART. 5º, INCISO V, EC Nº 123/2022",1,0.0,0.0,0.0
2024,500,RECURSOS NÃO VINCULADOS DE IMPOSTOS,2,10902387989.27,10531657942.69,47.563
2024,540,TRANSFERÊNCIAS DO FUNDEB - IMPOSTOS E TRANSFERÊNCIAS DE IMPOSTOS,2,3708986304.45,3651415201.44,16.180906
2024,600,TRANSFERÊNCIAS FUNDO A FUNDO DE RECURSOS DO SUS PROVENIENTES DO GOVERNO FEDERAL - BLOCO DE MANUTENÇÃO DAS AÇÕES E SERVIÇOS PÚBLICOS DE SAÚDE,2,2743600904.9,2606782479.49,11.969294
2024,542,TRANSFERÊNCIAS DO FUNDEB - COMPLEMENTAÇÃO DA UNIÃO - VAAT,2,847891373.71,825284492.04,3.69903
2024,800,RECURSOS VINCULADOS AO RPPS - FUNDO EM CAPITALIZAÇÃO (PLANO PREVIDENCIÁRIO),2,838624725.63,835470700.7,3.658603
2024,754,RECURSOS DE OPERAÇÕES DE CRÉDITO,2,351266012.63,325243271.16,1.532441
2024,700,OUTRAS TRANSFERÊNCIAS DE CONVÊNIOS OU REPASSES DA UNIÃO,2,349830640.9,325195254.02,1.526179
2024,605,ASSISTÊNCIA FINANCEIRA DA UNIÃO DESTINADA À COMPLEMENTAÇÃO AO PAGAMENTO DOS PISOS SALARIAIS PARA PROFISSIONAIS DA ENFERMAGEM,1,313197848.12,310235055.73,1.366364
2024,801,RECURSOS VINCULADOS AO RPPS - FUNDO EM REPARTIÇÃO (PLANO FINANCEIRO),1,283233625.25,282190704.65,1.235641
2024,604,TRANSFERÊNCIAS PROVENIENTES DO GOVERNO FEDERAL DESTINADAS AO VENCIMENTO DOS AGENTES COMUNITÁRIOS DE SAÚDE E DOS AGENTES DE COMBATE ÀS ENDEMIAS,2,239799591.98,238762114.6,1.046155
2024,541,TRANSFERÊNCIAS DO FUNDEB - COMPLEMENTAÇÃO DA UNIÃO - VAAF,2,225502676.65,223130308.64,0.983783
2024,660,TRANSFERÊNCIA DE RECURSOS DO FUNDO NACIONAL DE ASSISTÊNCIA SOCIAL - FNAS,2,218181717.29,213496043.4,0.951844
2024,550,TRANSFERÊNCIA DO SALÁRIO-EDUCAÇÃO,2,194694173.76,181172168.79,0.849377
2024,706,TRANSFERÊNCIA ESPECIAL DA UNIÃO,2,181005131.22,172387196.96,0.789657
2024,501,OUTROS RECURSOS NÃO VINCULADOS,2,174232229.35,168452452.91,0.760109
2024,751,RECURSOS DA CONTRIBUIÇÃO PARA O CUSTEIO DO SERVIÇO DE ILUMINAÇÃO PÚBLICA - COSIP,1,126777791.1,120237463.07,0.553084
2024,571,TRANSFERÊNCIAS DO ESTADO REFERENTES A CONVÊNIOS E OUTROS REPASSES VINCULADOS À EDUCAÇÃO,2,124233968.15,115781729.67,0.541986
2024,569,OUTRAS TRANSFERÊNCIAS DE RECURSOS DO FNDE,2,100075740.48,81850905.73,0.436593
2024,601,TRANSFERÊNCIAS FUNDO A FUNDO DE RECURSOS DO SUS PROVENIENTES DO GOVERNO FEDERAL - BLOCO DE ESTRUTURAÇÃO DA REDE DE SERVIÇOS PÚBLICOS DE SAÚDE,2,89581991.64,75071411.06,0.390812
2024,701,OUTRAS TRANSFERÊNCIAS DE CONVÊNIOS OU REPASSES DOS ESTADOS,2,84113230.81,79271145.55,0.366954
2024,552,TRANSFERÊNCIAS DE RECURSOS DO FNDE REFERENTES AO PROGRAMA NACIONAL DE ALIMENTAÇÃO ESCOLAR (PNAE),2,80345982.02,78740682.89,0.350519
2024,544,RECURSOS DE PRECATÓRIOS DO FUNDEF,2,72220590.69,69017823.52,0.315071
2024,757,RECURSOS DE DEPÓSITOS JUDICIAIS – LIDES DAS QUAIS O ENTE FAZ PARTE,1,70097787.13,70097787.13,0.30581
2024,704,TRANSFERÊNCIA DA UNIÃO REFERENTE A ROYALTIES DO PETRÓLEO E GÁS NATURAL,2,68854100.49,67766282.04,0.300384
2024,710,TRANSFERÊNCIA ESPECIAL DOS ESTADOS,2,55426621.58,53882141.36,0.241805
2024,752,RECURSOS VINCULADOS AO TRÂNSITO,1,51074921.04,48356643.01,0.222821
2024,720,TRANSFERÊNCIAS DA UNIÃO REFERENTES ÀS PARTICIPAÇÕES NA EXPLORAÇÃO DE PETRÓLEO E GÁS NATURAL DESTINADAS AO FEP - LEI 9.478/1997,2,44042501.21,39123285.58,0.192141
2024,543,TRANSFERÊNCIAS DO FUNDEB - COMPLEMENTAÇÃO DA UNIÃO - VAAR,1,43213898.09,29939338.53,0.188526
2024,759,RECURSOS VINCULADOS A FUNDOS,1,41560950.84,40177275.78,0.181315
2024,802,RECURSOS VINCULADOS AO RPPS - TAXA DE ADMINISTRAÇÃO,2,30254290.91,29672534.06,0.131988
2024,621,TRANSFERÊNCIAS FUNDO A FUNDO DE RECURSOS DO SUS PROVENIENTES DO GOVERNO ESTADUAL,2,28997303.82,25914294.75,0.126504
2024,708,TRANSFERÊNCIA DA UNIÃO REFERENTE À COMPENSAÇÃO FINANCEIRA DE RECURSOS MINERAIS,2,28368842.64,28368842.64,0.123763
2024,553,TRANSFERÊNCIAS DE RECURSOS DO FNDE REFERENTES AO PROGRAMA NACIONAL DE APOIO AO TRANSPORTE ESCOLAR (PNATE),2,26014785.79,25758299.61,0.113493
2024,632,TRANSFERÊNCIAS DO ESTADO REFERENTES A CONVÊNIOS E OUTROS REPASSES VINCULADOS À SAÚDE,2,23415466.37,21031775.46,0.102153
2024,719,TRANSFERÊNCIAS DA POLÍTICA NACIONAL ALDIR BLANC DE FOMENTO À CULTURA - LEI 14.399/2022,1,19231405.03,17159060.81,0.083899
2024,659,OUTROS RECURSOS VINCULADOS À SAÚDE,1,17905433.29,16137904.91,0.078115
2024,631,TRANSFERÊNCIAS DO GOVERNO FEDERAL REFERENTES A CONVÊNIOS E OUTROS REPASSES VINCULADOS À SAÚDE,2,16652793.74,15744015.74,0.07265
2024,570,TRANSFERÊNCIAS DO GOVERNO FEDERAL REFERENTES A CONVÊNIOS E OUTROS REPASSES VINCULADOS À EDUCAÇÃO,2,12578398.22,7727267.4,0.054875
2024,575,OUTRAS TRANSFERÊNCIAS DE CONVÊNIOS E INSTRUMENTOS CONGÊNERES VINCULADOS À EDUCAÇÃO,2,8435109.99,7421626.15,0.036799
2024,502,RECURSOS NÃO VINCULADOS DA COMPENSAÇÃO DE IMPOSTOS,1,7537708.29,7283550.79,0.032884
2024,715,TRANSFERÊNCIAS DESTINADAS AO SETOR CULTURAL - LC Nº 195/2022 - ART. 5º - AUDIOVISUAL,2,6936219.68,5986421.35,0.03026
2024,669,OUTROS RECURSOS VINCULADOS À ASSISTÊNCIA SOCIAL,2,6788547.94,6213943.46,0.029616
2024,636,OUTRAS TRANSFERÊNCIAS DE CONVÊNIOS E INSTRUMENTOS CONGÊNERES VINCULADOS À SAÚDE,2,6747150.98,6700758.98,0.029435
2024,665,TRANSFERÊNCIAS DE CONVÊNIOS E OUTROS REPASSES VINCULADOS À ASSISTÊNCIA SOCIAL,2,6353475.11,6076647.6,0.027718
2024,755,RECURSOS DE ALIENAÇÃO DE BENS/ATIVOS - ADMINISTRAÇÃO DIRETA,2,6047319.15,5940768.06,0.026382
2024,705,TRANSFERÊNCIA DOS ESTADOS REFERENTE A ROYALTIES DO PETRÓLEO E GÁS NATURAL,1,5468860.61,5454594.92,0.023859
2024,899,OUTROS RECURSOS VINCULADOS,2,5011364.91,4998995.12,0.021863
2024,661,TRANSFERÊNCIA DE RECURSOS DOS FUNDOS ESTADUAIS DE ASSISTÊNCIA SOCIAL,2,4682138.35,4619087.99,0.020426
2024,573,ROYALTIES E PARTICIPAÇÃO ESPECIAL DE PETRÓLEO E GÁS NATURAL VINCULADOS À EDUCAÇÃO - LEI Nº 12.858/2013,1,4143301.05,4031272.54,0.018076
2024,749,OUTRAS VINCULAÇÕES DE TRANSFERÊNCIAS,2,3855249.03,3795317.95,0.016819
2024,576,TRANSFERÊNCIAS DE RECURSOS DOS ESTADOS PARA PROGRAMAS DE EDUCAÇÃO,2,3447237.92,3391989.11,0.015039
2024,599,OUTROS RECURSOS VINCULADOS À EDUCAÇÃO,1,3148170.8,2004511.03,0.013734
2024,635,ROYALTIES E PARTICIPAÇÃO ESPECIAL DE PETRÓLEO E GÁS NATURAL VINCULADOS À SAÚDE - LEI Nº 12.858/2013,1,3103081.82,3101279.32,0.013538
2024,716,TRANSFERÊNCIAS DESTINADAS AO SETOR CULTURAL - LC Nº 195/2022 - ART. 8º - DEMAIS SETORES DA CULTURA,2,2434533.93,2305981.88,0.010621
2024,711,DEMAIS TRANSFERÊNCIAS OBRIGATÓRIAS NÃO DECORRENTES DE REPARTIÇÕES DE RECEITAS.,2,2429623.69,2429623.69,0.0106
2024,880,RECURSOS PRÓPRIOS DOS CONSÓRCIOS,1,2250120.97,2107826.21,0.009816
2024,799,OUTRAS VINCULAÇÕES LEGAIS,1,1969913.16,1785063.16,0.008594
2024,750,RECURSOS DA CONTRIBUIÇÃO DE INTERVENÇÃO NO DOMÍNIO ECONÔMICO - CIDE,1,1238638.29,1218937.05,0.005404
2024,721,TRANSFERÊNCIAS DA UNIÃO REFERENTES A CESSÃO ONEROSA DE PETRÓLEO - LEI Nº 13.885/2019,2,1193496.55,1088252.53,0.005207
2024,551,TRANSFERÊNCIAS DE RECURSOS DO FNDE REFERENTES AO PROGRAMA DINHEIRO DIRETO NA ESCOLA (PDDE),1,724124.22,717091.71,0.003159
2024,753,RECURSOS PROVENIENTES DE TAXAS E CONTRIBUIÇÕES,1,295598.81,294875.59,0.00129
2024,702,OUTRAS TRANSFERÊNCIAS DE CONVÊNIOS OU REPASSES DOS MUNICÍPIOS,1,92481.62,92481.62,0.000403
2024,714,"TRANSFERÊNCIAS FUNDO A FUNDO DE RECURSOS
DO FUNDO DE AMPARO AO TRABALHADOR -
F A",1,57445.0,11220.0,0.000251
2024,602,TRANSFERÊNCIAS FUNDO A FUNDO DE RECURSOS DO SUS PROVENIENTES DO GOVERNO FEDERAL - BLOCO DE MANUTENÇÃO DAS AÇÕES E SERVIÇOS PÚBLICOS DE SAÚDE – RECURSOS DESTINADOS AO ENFRENTAMENTO DA COVID-19 NO BOJO DA AÇÃO 21C0.,2,57036.36,57036.36,0.000249
2024,703,OUTRAS TRANSFERÊNCIAS DE CONVÊNIOS OU CONTRATOS DE REPASSE DE OUTRAS ENTIDADES,1,50224.0,50224.0,0.000219
2024,707,TRANSFERÊNCIAS DA UNIÃO – INCISO I DO ART. 5º DA LEI COMPLEMENTAR 173/2020,1,22231.3,22231.3,9.7e-05
2024,718,"AUXÍLIO FINANCEIRO - OUTORGA CRÉDITO TRIBUTÁRIO ICMS - ART. 5º, INCISO V, EC Nº 123/2022",1,0.0,0.0,0.0
2025,500,RECURSOS NÃO VINCULADOS DE IMPOSTOS,2,12077954734.02,11484316684.09,48.785314
2025,540,TRANSFERÊNCIAS DO FUNDEB - IMPOSTOS E TRANSFERÊNCIAS DE IMPOSTOS,2,4107114571.84,3991748296.68,16.58947
2025,600,TRANSFERÊNCIAS FUNDO A FUNDO DE RECURSOS DO SUS PROVENIENTES DO GOVERNO FEDERAL - BLOCO DE MANUTENÇÃO DAS AÇÕES E SERVIÇOS PÚBLICOS DE SAÚDE,2,2712524690.53,2546533303.41,10.956438
2025,542,TRANSFERÊNCIAS DO FUNDEB - COMPLEMENTAÇÃO DA UNIÃO - VAAT,2,981432576.63,949678268.43,3.964206
2025,800,RECURSOS VINCULADOS AO RPPS - FUNDO EM CAPITALIZAÇÃO (PLANO PREVIDENCIÁRIO),2,925135295.37,890414249.8,3.736809
2025,605,ASSISTÊNCIA FINANCEIRA DA UNIÃO DESTINADA À COMPLEMENTAÇÃO AO PAGAMENTO DOS PISOS SALARIAIS PARA PROFISSIONAIS DA ENFERMAGEM,1,337168094.67,332842208.28,1.36189
2025,604,TRANSFERÊNCIAS PROVENIENTES DO GOVERNO FEDERAL DESTINADAS AO VENCIMENTO DOS AGENTES COMUNITÁRIOS DE SAÚDE E DOS AGENTES DE COMBATE ÀS ENDEMIAS,2,320533906.68,318573437.03,1.294702
2025,700,OUTRAS TRANSFERÊNCIAS DE CONVÊNIOS OU REPASSES DA UNIÃO,2,312730993.51,280812195.65,1.263184
2025,550,TRANSFERÊNCIA DO SALÁRIO-EDUCAÇÃO,2,303648456.18,278364218.46,1.226498
2025,754,RECURSOS DE OPERAÇÕES DE CRÉDITO,2,296820467.6,275764431.41,1.198918
2025,801,RECURSOS VINCULADOS AO RPPS - FUNDO EM REPARTIÇÃO (PLANO FINANCEIRO),1,293360283.79,292585367.77,1.184942
2025,541,TRANSFERÊNCIAS DO FUNDEB - COMPLEMENTAÇÃO DA UNIÃO - VAAF,2,275790999.61,271893572.8,1.113976
2025,501,OUTROS RECURSOS NÃO VINCULADOS,2,224992571.28,205244185.98,0.908791
2025,660,TRANSFERÊNCIA DE RECURSOS DO FUNDO NACIONAL DE ASSISTÊNCIA SOCIAL - FNAS,2,176704545.68,167995920.96,0.713746
2025,751,RECURSOS DA CONTRIBUIÇÃO PARA O CUSTEIO DO SERVIÇO DE ILUMINAÇÃO PÚBLICA - COSIP,1,143561209.23,131466853.0,0.579873
2025,759,RECURSOS VINCULADOS A FUNDOS,1,140358385.89,136151563.59,0.566936
2025,706,TRANSFERÊNCIA ESPECIAL DA UNIÃO,2,138005822.06,127914292.46,0.557434
2025,569,OUTRAS TRANSFERÊNCIAS DE RECURSOS DO FNDE,2,119349634.21,99911904.25,0.482077
2025,571,TRANSFERÊNCIAS DO ESTADO REFERENTES A CONVÊNIOS E OUTROS REPASSES VINCULADOS À EDUCAÇÃO,2,96203230.1,92967708.91,0.388584
2025,552,TRANSFERÊNCIAS DE RECURSOS DO FNDE REFERENTES AO PROGRAMA NACIONAL DE ALIMENTAÇÃO ESCOLAR (PNAE),2,80649936.15,78317830.37,0.325761
2025,701,OUTRAS TRANSFERÊNCIAS DE CONVÊNIOS OU REPASSES DOS ESTADOS,2,76367560.12,72861714.32,0.308464
2025,601,TRANSFERÊNCIAS FUNDO A FUNDO DE RECURSOS DO SUS PROVENIENTES DO GOVERNO FEDERAL - BLOCO DE ESTRUTURAÇÃO DA REDE DE SERVIÇOS PÚBLICOS DE SAÚDE,2,68729213.99,58724811.04,0.277611
2025,710,TRANSFERÊNCIA ESPECIAL DOS ESTADOS,2,65270907.47,62612803.59,0.263642
2025,543,TRANSFERÊNCIAS DO FUNDEB - COMPLEMENTAÇÃO DA UNIÃO - VAAR,1,56077273.34,48406752.39,0.226508
2025,752,RECURSOS VINCULADOS AO TRÂNSITO,1,46913023.34,46307197.16,0.189491
2025,720,TRANSFERÊNCIAS DA UNIÃO REFERENTES ÀS PARTICIPAÇÕES NA EXPLORAÇÃO DE PETRÓLEO E GÁS NATURAL DESTINADAS AO FEP - LEI 9.478/1997,2,45829330.03,41228212.57,0.185114
2025,802,RECURSOS VINCULADOS AO RPPS - TAXA DE ADMINISTRAÇÃO,2,33529309.25,32900433.47,0.135432
2025,544,RECURSOS DE PRECATÓRIOS DO FUNDEF,2,32151692.8,30515052.27,0.129867
2025,621,TRANSFERÊNCIAS FUNDO A FUNDO DE RECURSOS DO SUS PROVENIENTES DO GOVERNO ESTADUAL,2,29380758.56,26012621.21,0.118675
2025,659,OUTROS RECURSOS VINCULADOS À SAÚDE,1,28196735.97,25663483.57,0.113892
2025,704,TRANSFERÊNCIA DA UNIÃO REFERENTE A ROYALTIES DO PETRÓLEO E GÁS NATURAL,2,27863601.86,26368962.63,0.112547
2025,632,TRANSFERÊNCIAS DO ESTADO REFERENTES A CONVÊNIOS E OUTROS REPASSES VINCULADOS À SAÚDE,2,27115712.12,26200480.84,0.109526
2025,553,TRANSFERÊNCIAS DE RECURSOS DO FNDE REFERENTES AO PROGRAMA NACIONAL DE APOIO AO TRANSPORTE ESCOLAR (PNATE),2,23006824.64,22320301.54,0.092929
2025,631,TRANSFERÊNCIAS DO GOVERNO FEDERAL REFERENTES A CONVÊNIOS E OUTROS REPASSES VINCULADOS À SAÚDE,2,15410896.38,14330793.31,0.062248
2025,749,OUTRAS VINCULAÇÕES DE TRANSFERÊNCIAS,2,14064898.37,13116285.04,0.056811
2025,719,TRANSFERÊNCIAS DA POLÍTICA NACIONAL ALDIR BLANC DE FOMENTO À CULTURA - LEI 14.399/2022,1,12257045.61,11939534.52,0.049509
2025,546,TRANSFERÊNCIAS DO FUNDEB - COMPLEMENTAÇÃO DA UNIÃO - EDUCAÇÃO TEMPO INTEGRAL,1,11926297.57,11700633.44,0.048173
2025,570,TRANSFERÊNCIAS DO GOVERNO FEDERAL REFERENTES A CONVÊNIOS E OUTROS REPASSES VINCULADOS À EDUCAÇÃO,2,9294763.03,7096494.69,0.037543
2025,573,ROYALTIES E PARTICIPAÇÃO ESPECIAL DE PETRÓLEO E GÁS NATURAL VINCULADOS À EDUCAÇÃO - LEI Nº 12.858/2013,1,8516840.33,7475352.19,0.034401
2025,661,TRANSFERÊNCIA DE RECURSOS DOS FUNDOS ESTADUAIS DE ASSISTÊNCIA SOCIAL,2,7540822.78,7177081.53,0.030459
2025,575,OUTRAS TRANSFERÊNCIAS DE CONVÊNIOS E INSTRUMENTOS CONGÊNERES VINCULADOS À EDUCAÇÃO,2,6319025.71,5836103.37,0.025524
2025,755,RECURSOS DE ALIENAÇÃO DE BENS/ATIVOS - ADMINISTRAÇÃO DIRETA,2,5729011.63,4866031.72,0.023141
2025,708,TRANSFERÊNCIA DA UNIÃO REFERENTE À COMPENSAÇÃO FINANCEIRA DE RECURSOS MINERAIS,2,5236351.4,5236351.4,0.021151
2025,635,ROYALTIES E PARTICIPAÇÃO ESPECIAL DE PETRÓLEO E GÁS NATURAL VINCULADOS À SAÚDE - LEI Nº 12.858/2013,1,4863081.41,3850238.15,0.019643
2025,750,RECURSOS DA CONTRIBUIÇÃO DE INTERVENÇÃO NO DOMÍNIO ECONÔMICO - CIDE,1,4121813.94,3965895.14,0.016649
2025,576,TRANSFERÊNCIAS DE RECURSOS DOS ESTADOS PARA PROGRAMAS DE EDUCAÇÃO,2,3943698.97,3859717.4,0.015929
2025,669,OUTROS RECURSOS VINCULADOS À ASSISTÊNCIA SOCIAL,2,3560722.58,3497212.53,0.014382
2025,665,TRANSFERÊNCIAS DE CONVÊNIOS E OUTROS REPASSES VINCULADOS À ASSISTÊNCIA SOCIAL,2,2807409.52,2708930.65,0.01134
2025,880,RECURSOS PRÓPRIOS DOS CONSÓRCIOS,1,2786590.32,2722735.44,0.011256
2025,753,RECURSOS PROVENIENTES DE TAXAS E CONTRIBUIÇÕES,1,2648705.15,2404561.97,0.010699
2025,703,OUTRAS TRANSFERÊNCIAS DE CONVÊNIOS OU CONTRATOS DE REPASSE DE OUTRAS ENTIDADES,1,2641868.16,1134069.92,0.010671
2025,899,OUTROS RECURSOS VINCULADOS,2,2315942.68,2204386.74,0.009355
2025,636,OUTRAS TRANSFERÊNCIAS DE CONVÊNIOS E INSTRUMENTOS CONGÊNERES VINCULADOS À SAÚDE,2,1565530.16,1565530.16,0.006323
2025,599,OUTROS RECURSOS VINCULADOS À EDUCAÇÃO,1,1172569.54,1172569.54,0.004736
2025,747,"OUTRAS VINCULAÇÕES DE
TRANSFERÊNCIAS DA UNIÃO",1,1032667.14,1032667.14,0.004171
2025,715,TRANSFERÊNCIAS DESTINADAS AO SETOR CULTURAL - LC Nº 195/2022 - ART. 5º - AUDIOVISUAL,2,894177.1,894177.1,0.003612
2025,716,TRANSFERÊNCIAS DESTINADAS AO SETOR CULTURAL - LC Nº 195/2022 - ART. 8º - DEMAIS SETORES DA CULTURA,2,577293.51,402357.66,0.002332
2025,799,OUTRAS VINCULAÇÕES LEGAIS,1,520090.0,267961.44,0.002101
2025,551,TRANSFERÊNCIAS DE RECURSOS DO FNDE REFERENTES AO PROGRAMA DINHEIRO DIRETO NA ESCOLA (PDDE),1,366997.42,352146.59,0.001482
2025,721,TRANSFERÊNCIAS DA UNIÃO REFERENTES A CESSÃO ONEROSA DE PETRÓLEO - LEI Nº 13.885/2019,2,270173.48,270173.48,0.001091
2025,748,"OUTRAS VINCULAÇÕES DE
TRANSFERÊNCIAS DOS ESTADOS",1,177275.44,177275.44,0.000716
2025,711,DEMAIS TRANSFERÊNCIAS OBRIGATÓRIAS NÃO DECORRENTES DE REPARTIÇÕES DE RECEITAS.,2,95931.0,95931.0,0.000387
2025,702,OUTRAS TRANSFERÊNCIAS DE CONVÊNIOS OU REPASSES DOS MUNICÍPIOS,1,83252.37,73036.37,0.000336
2025,756,RECURSOS DE ALIENAÇÃO DE BENS/ATIVOS - ADMINISTRAÇÃO INDIRETA,1,79890.0,79890.0,0.000323
2025,714,"TRANSFERÊNCIAS FUNDO A FUNDO DE RECURSOS
DO FUNDO DE AMPARO AO TRABALHADOR -
F A",1,60489.75,48946.95,0.000244
2025,602,TRANSFERÊNCIAS FUNDO A FUNDO DE RECURSOS DO SUS PROVENIENTES DO GOVERNO FEDERAL - BLOCO DE MANUTENÇÃO DAS AÇÕES E SERVIÇOS PÚBLICOS DE SAÚDE – RECURSOS DESTINADOS AO ENFRENTAMENTO DA COVID-19 NO BOJO DA AÇÃO 21C0.,2,2856.4,2856.4,1.2e-05
2025,502,RECURSOS NÃO VINCULADOS DA COMPENSAÇÃO DE IMPOSTOS,1,539.42,539.42,2e-06
2025,707,TRANSFERÊNCIAS DA UNIÃO – INCISO I DO ART. 5º DA LEI COMPLEMENTAR 173/2020,1,51.6,51.6,0.0
